Username,HashedPassword,UnhashedPassword,Salt
Alice,IcLKMSh2WzAq2IokbC9TYWNpgGv3ioXikn+p+6/1OcA=,123,WWefjFR8+pEZIYPr7ffrPA==
Bob,iUYisg4oL47qcMebRi4x0uNk+YKlL7EDhN+HR/oBYuM=,password,bbc2Yh2itkkbtjqIsia+8Q==
Charlie,cC68LG1cPFVm8AmegiT8IiBa5ZYLCzEDHwJRS3CjweY=,qwerty,TEVrvLzhMFJlXK7dfs/T5Q==
David,zYNbe42H4Dr/04tQUH6eTSNvrLWRpo62QdrsUx4FTJI=,abc123,IIExvMWYIODYyJWOrcv4CA==
Eva,m6qpEl0BWfrsOilA0Sl+gX0IIfDxPPLa3t5rrub0770=,hello,14GYJA3bZNKA6RI5qjkN3w==
Frank,m0jjgVx/VyutBOCNnNA2yVbCkoEkz5NeZjan5kIBYC4=,letmein,Hb/yD/1CjikxjdkBgrkUCw==
Grace,cBNinVEm0mkqnzlF1PDSnqmI1OnwfCPGXMVowaO87ZM=,jams,i8mIWIo6VfOCVNK5DUuPPQ==
Hannah,DUrjZojAa5Ri3S8sR3aQpXwgo+/KgE/AXzgov4wJFWI=,iloveyou,SP7Q10YEXLcpU5kCZoX7mg==
Ian,33qXFzFtN8n4kDk+WZ4hm748JTTswnEBtZ6txTXt1t8=,admin,PbD57fQ0hS4+MyLYI5QQjg==
Jack,sEwvsBIsC3JOzhPkMlFChAlwD75Utu4wJX6LmhDCC9w=,password,8JNi6h1oFlEd+xo5nJZvew==
Kathy,H59Oyftw1y9VDh6B1vRxm6WA6cFu0O6gs5QyTkQNtZ4=,123abc,7fvdE0u4SJruIZXHQQ8ewQ==
Liam,gfsZjHFCp95ancm6F3b6XOZGloOP5njnUoC+JaFpW24=,home,PRT0CWTPTN3/WV0R+Ox3aw==
Mona,yneZ5WSZTI6pSgvHNmEG8E5MSme67dBA+tLdLzjj9MI=,BSCS2A,J/KiTE32nAD74vQIdEzS5w==
Nina,LJu0OQN2m4kbe/7gFF3lxsQ+fnbSew6Fm2zoSsa54mY=,321,QVisnKONhmeJOTtA4rJoFA==
Oscar,FInKiXE5gQDpxFaapwOlXLwTQvB/YrdSM7DgDhcR5D8=,987,5ned/uIsGxo9yd2QMnV/XQ==
Paul,QA6slEeNDpmXJfAdl8iDx2oQi1JdTzU/j97iqT4XgUA=,dragon,TmVCW7SpzRwQShz3U5KJqw==
Quincy,ou8i3+rLucIalSJcW+KjAoJS7X0wAa61FTxzY8PjLgk=,apple,MZV9g5lkHkSRwPn60b/ywA==
Rachel,d7Ga2yMvKAuUTyk1TNDWBk9azBF/XHWdZZOwNg0kgVc=,key,Ts7VyX9/HCGoKcl0xswlMw==
Sam,SVeJolv1Qpu2mHWZIheVFYecu0d+rX+RUWBldxtbkZE=,qwerty123,TuOtapRqkFLgxFfW4tDkYQ==
Tina,pbbRSqIRTC8UuCemimaaExOFc/zH1v+tmPyWKkM4ah8=,pass,xStL47N8vglvFjkyQXyPtQ==
